<?xml version="1.0" encoding="UTF-8"?>
<project-private xmlns="http://www.netbeans.org/ns/project-private/1">
    <editor-bookmarks xmlns="http://www.netbeans.org/ns/editor-bookmarks/2" lastBookmarkId="0"/>
    <open-files xmlns="http://www.netbeans.org/ns/projectui-open-files/2">
        <group>
            <file>file:/C:/Users/JJBH/Documents/NetBeansProjects/EjemploExcepcion/src/ejemploexcepcion/EjercicioResueltoExcepciones.java</file>
        </group>
        <group name="Test">
            <file>file:/C:/Users/Salvador%20Romero/Desktop/borrame/EjemploExcepcion/src/ejemploexcepcion/EjercicioResueltoExcepciones.java</file>
        </group>
    </open-files>
</project-private>
