<?xml version="1.0" encoding="UTF-8"?>
<project-private xmlns="http://www.netbeans.org/ns/project-private/1">
    <editor-bookmarks xmlns="http://www.netbeans.org/ns/editor-bookmarks/2" lastBookmarkId="0"/>
    <open-files xmlns="http://www.netbeans.org/ns/projectui-open-files/2">
        <group>
            <file>file:/D:/Mis%20Documentos/Dropbox/Educación/CURSO%202017-2018/ED/Tareas/Tarea3/CuentaBancaria_esqueleto/src/cuenta/Main.java</file>
            <file>file:/D:/Mis%20Documentos/Dropbox/Educación/CURSO%202017-2018/ED/Tareas/Tarea3/CuentaBancaria_esqueleto/src/cuenta/Cuenta.java</file>
        </group>
    </open-files>
</project-private>
