<?xml version="1.0" encoding="UTF-8"?>
<project-private xmlns="http://www.netbeans.org/ns/project-private/1">
    <editor-bookmarks xmlns="http://www.netbeans.org/ns/editor-bookmarks/2" lastBookmarkId="0"/>
    <open-files xmlns="http://www.netbeans.org/ns/projectui-open-files/2">
        <group>
            <file>file:/C:/Users/matii/OneDrive/Desktop/apuntes-daw/Programacion/Unidad7/src/repasoExamen3/Peleador.java</file>
            <file>file:/C:/Users/matii/OneDrive/Desktop/apuntes-daw/Programacion/Unidad7/src/repasoExamen3/Main.java</file>
            <file>file:/C:/Users/matii/OneDrive/Desktop/apuntes-daw/Programacion/Unidad7/src/repasoExamen3/Peleas.java</file>
        </group>
    </open-files>
</project-private>
