<?xml version="1.0" encoding="UTF-8"?>
<project-private xmlns="http://www.netbeans.org/ns/project-private/1">
    <editor-bookmarks xmlns="http://www.netbeans.org/ns/editor-bookmarks/2" lastBookmarkId="0"/>
    <open-files xmlns="http://www.netbeans.org/ns/projectui-open-files/2">
        <group name="git">
            <file>file:/D:/Mis%20Documentos/Dropbox/Educación/CURSO%202017-2018/ProyectosNetBeans/HuevoSorpresa_exam/src/huevoSorpresa/HuevoSorpresa.java</file>
        </group>
        <group>
            <file>file:/C:/Users/maniana/Desktop/HuevoSorpresa_exam/HuevoSorpresa_exam/src/huevoSorpresa/HuevoSorpresaPenninoMatias.java</file>
        </group>
    </open-files>
</project-private>
